"Date","Text","Link","Media URL","Title","Label","Alt text(s)","Comment(s)","Pin board, FB album, or Google category","Post subtype - I.e. story, reel, PDF ..","CTA - For Facebook links or Google"
"2026/05/18 07:00","You've spent decades putting everyone else first. Your kids. Your career. Your partner.

Now it's YOUR turn.

Revitalize & Thrive Now is a 30-day system built for women 45-65 who are done feeling exhausted, invisible, and stuck.

This isn't a diet. It's a full-life reset.

Energy. Hormones. Mindset. Sleep. Strength.

All of it, finally working together.

👇 Tap the link in bio to grab the 30-Day Revitalize Workbook — your roadmap to the woman you know you still are.

💥 Limited time: $79 (regularly $129)

Link: rivitalize.gumroad.com/l/nlkuz

#RevitalizeAndThrive #WomenOver45 #MidlifeWellness #HormoneHealth #WomenEmpowerment #LifeAfter45 #MidlifeTransformation #HealthyAging #WomenWellness #ThrivingAt50 #SecondChapter #YouDeserveThis #MidlifeWoman #WellnessJourney #FeelAmazingAgain","","https://images.pexels.com/photos/3807517/pexels-photo-3807517.jpeg?auto=compress&cs=tinysrgb&w=1080&h=1080&dpr=1","","","","","","Reel",""
"2026/05/19 08:00","If you wake up exhausted even after 8 hours of sleep — your hormones are trying to tell you something.

Cortisol. Estrogen. Thyroid. Progesterone.

When even ONE is off, everything falls apart:
✗ Brain fog that won't quit
✗ Weight that won't budge
✗ Energy that crashes by 2pm
✗ Sleep that never feels restorative

The good news? You can fix this.

The Midlife Sleep Fix walks you through exactly how to rebalance your sleep-hormone cycle — without prescriptions or guesswork.

💤 Sleep better. Wake up ready. Feel like yourself again.

👉 Get it now for just $37 → rivitalize.gumroad.com/l/midlife-sleep-fix

Link in bio.

#MidlifeSleep #HormoneImbalance #WomenOver50 #SleepFix #MenopauseSleep #MidlifeHealth #HormoneBalance #BetterSleep #WomenWellness #TiredNoMore #MidlifeWoman #SleepBetter #FeelRested #WellnessOver50 #RevitalizeAndThrive","","https://images.pexels.com/photos/3771069/pexels-photo-3771069.jpeg?auto=compress&cs=tinysrgb&w=1080&h=1080&dpr=1","","","","","","Photo",""
"2026/05/20 09:00","Sign #1: You snap at people you love for no real reason.
Sign #2: You feel puffy, bloated, and uncomfortable in your own skin.
Sign #3: You lie awake at 3am with a racing mind.

Sound familiar? This is NOT just ""aging.""

These are signs your body is crying out for a reset — and the Hormone Meal Plan was built exactly for this.

🥗 28 days of hormone-supportive meals that reduce inflammation, balance cortisol, and help your body work WITH you instead of against you.

Over 1,200 women have used this to feel better in their first week.

👇 $47 at the link in bio → rivitalize.gumroad.com/l/hormone-meal-plan

#HormoneMealPlan #BalanceHormones #MenopauseNutrition #WomenOver45 #MidlifeNutrition #HormoneHealth #AntiInflammatory #WellnessMeals #MidlifeWoman #FoodAsMedicine #HormoneBalance #HealthyEating45 #MidlifeWellness #RevitalizeAndThrive #ThrivingInMidlife","","https://images.pexels.com/photos/1640777/pexels-photo-1640777.jpeg?auto=compress&cs=tinysrgb&w=1080&h=1080&dpr=1","","","","","","Reel",""
"2026/05/21 07:00","She was 52, exhausted, and convinced she'd missed her window.

Three months later she ran a 5K, launched her side business, and told me: ""I feel more alive now than I did at 35.""

The difference? She stopped accepting the story that midlife means decline.

The Midlife Mindset Reset is a 21-day guided transformation that rewires the beliefs holding you back — so you can finally move forward with clarity and confidence.

This is the inner work that makes everything else actually stick.

🧠 21 days. Life-changing shifts. $37.

👉 Start your reset → rivitalize.gumroad.com/l/mindset-reset

Link in bio.

#MidlifeMindset #MindsetReset #WomenOver50 #MidlifeConfidence #GrowthMindset #WomenEmpowerment #MidlifeTransformation #BelieveInYourself #MindsetShift #ThrivingAt50 #WomenWhoThrive #MidlifeWoman #RevitalizeAndThrive #YouAreEnough #NeverTooLate","","https://images.pexels.com/photos/3807544/pexels-photo-3807544.jpeg?auto=compress&cs=tinysrgb&w=1080&h=1080&dpr=1","","","","","","Photo",""
"2026/05/22 08:00","What if you had MORE energy on Friday than you did on Monday?

That's not a fantasy — that's what happens when you give your body what it actually needs.

Join the FREE 5-Day Energy Challenge and discover:
⚡ The morning routine that fuels your hormones (not crashes them)
⚡ The #1 food most women over 45 are missing
⚡ Evening habits that double your deep sleep
⚡ The 10-min movement that burns fat without wrecking your joints
⚡ A simple reset that clears brain fog by Day 3

No cost. No catch. Just results.

🎁 Grab your free spot → rivitalize.gumroad.com/l/energy-challenge

Link in bio.

#FreeChallenge #EnergyBoost #WomenOver45 #MidlifeEnergy #HormoneHealth #FiveDayChallenge #MidlifeWellness #FeelAmazingAgain #WomenWellness #FreeMidlifeReset #EnergyChallenge #RevitalizeAndThrive #HealthyWomen #WellnessChallenge #MidlifeWoman","","https://images.pexels.com/photos/3823495/pexels-photo-3823495.jpeg?auto=compress&cs=tinysrgb&w=1080&h=1080&dpr=1","","","","","","Reel",""
"2026/05/23 09:00","You've been running on empty for years.

Pushing through the fatigue. Caffeinating through the fog. Pretending everything is fine.

But your adrenals are screaming.

Chronic stress + midlife hormone shifts = adrenal burnout. And it doesn't get better by itself.

The Adrenal Reset Protocol is a step-by-step 4-week guide to restoring your energy reserves, calming your nervous system, and finally feeling steady again.

No more hitting a wall at 3pm. No more running on adrenaline and cortisol.

Just calm, sustained energy — all day.

💛 Get the Adrenal Reset → $47 at rivitalize.gumroad.com/l/burnout-recovery

Link in bio.

#AdrenalFatigue #BurnoutRecovery #WomenOver45 #StressRelief #MidlifeHealth #HormoneBalance #NervousSystem #ChronicFatigue #MidlifeWellness #WomenHealth #AdrenalReset #EnergyRecovery #RevitalizeAndThrive #RestoreYourEnergy #WellnessJourney","","https://images.pexels.com/photos/3760275/pexels-photo-3760275.jpeg?auto=compress&cs=tinysrgb&w=1080&h=1080&dpr=1","","","","","","Photo",""
"2026/05/24 10:00","Sunday is not just a rest day — it's your reset day.

This week, give yourself one thing:
Permission to feel good.

Not productive. Not perfect. Not ""fine.""

Actually GOOD.

That feeling is available to you. Right now. In this season of life.

The 30-Day Revitalize Workbook gives you a week-by-week, day-by-day plan to rebuild your energy, hormones, and joy — starting with today.

📖 Week 1 alone will change how you see yourself.

✨ Your Sunday reset starts here → rivitalize.gumroad.com/l/nlkuz ($79)

Link in bio.

#SundayReset #SelfCare #WomenOver50 #MidlifeWellness #SundayRoutine #TreatYourself #WellnessWomen #MidlifeJoy #HormoneHealth #RevitalizeAndThrive #FeelGoodAgain #WomensWellness #WeekendWellness #SelfLoveJourney #ThrivingAt50","","https://images.pexels.com/photos/3807533/pexels-photo-3807533.jpeg?auto=compress&cs=tinysrgb&w=1080&h=1080&dpr=1","","","","","","Reel",""
"2026/05/25 07:00","Your gut and your hormones are in constant conversation.

When your gut is inflamed:
→ Estrogen can't clear properly
→ Cortisol stays elevated
→ Serotonin drops (yes, 90% is made in your gut)
→ Weight stalls no matter what you do

This is why fixing hormones starts in the gut — not with pills.

The Gut Health Reset is a 30-day protocol that heals the gut-hormone axis through food, lifestyle, and targeted support.

📉 Bloating gone. Brain fog clearing. Mood stabilizing. Weight moving.

All from fixing the root cause.

🌿 Get the Gut Health Reset for $37 → rivitalize.gumroad.com/l/gut-health-reset

Link in bio.

#GutHealth #GutHormoneConnection #WomenOver45 #HormoneBalance #GutReset #MidlifeHealth #LeakyGut #MicrobiomeHealth #WomenWellness #GutHealing #RevitalizeAndThrive #HormoneHealth #AntiInflammatory #MidlifeWoman #BloomFromWithin","","https://images.pexels.com/photos/1640774/pexels-photo-1640774.jpeg?auto=compress&cs=tinysrgb&w=1080&h=1080&dpr=1","","","","","","Photo",""
"2026/05/26 08:00","""I thought lifting weights was for young women. I was wrong.""

At 55, Maria started the Strength & Longevity program.

Six months later:
✅ Lost 18 lbs
✅ Off her blood pressure medication
✅ Sleeping through the night for the first time in years
✅ Stronger than she was at 40

Muscle is not optional in midlife. It's medicine.

The Strength & Longevity Guide is a 12-week progressive program designed specifically for women 45+ — no gym required.

💪 Build the body that carries you through the next 30 years.

🔥 Get it for $57 → rivitalize.gumroad.com/l/strength-longevity

Link in bio.

#StrengthTraining #WomenOver50 #LiftWeights #MidlifeStrength #StrengthAndLongevity #FitnessOver45 #WomenWhoLift #MidlifeFitness #BuildMuscle #HealthyAging #FitAt50 #WomenHealth #RevitalizeAndThrive #StrongWomen #FitnessJourney","","https://images.pexels.com/photos/3823488/pexels-photo-3823488.jpeg?auto=compress&cs=tinysrgb&w=1080&h=1080&dpr=1","","","","","","Reel",""
"2026/05/27 09:00","Hot flashes at 3am. Mood swings you can't explain. A body that suddenly feels foreign.

Perimenopause can feel like your body has turned against you.

But here's what nobody tells you: this transition is actually your body recalibrating — and you have far more control over how it feels than you think.

The Complete Perimenopause Guide covers:
📋 What's happening hormonally and why
🥗 Nutrition strategies that reduce symptoms by up to 70%
💊 Natural supplements that actually work
🧘 Stress protocols that stabilize your nervous system
😴 Sleep restoration without hormones

This is the guide you deserved from your doctor but never got.

📘 Get it for $47 → rivitalize.gumroad.com/l/perimenopause-guide

Link in bio.

#Perimenopause #MenopauseSupport #WomenOver45 #HormoneHealth #PerimenopauseHelp #MidlifeHealth #NaturalMenopause #HotFlashes #WomenWellness #MidlifeWoman #MenopauseJourney #RevitalizeAndThrive #HormoneBalance #WomensHealth #FeelLikeYourself","","https://images.pexels.com/photos/3807568/pexels-photo-3807568.jpeg?auto=compress&cs=tinysrgb&w=1080&h=1080&dpr=1","","","","","","Photo",""
"2026/05/28 07:00","Stop letting people dismiss your symptoms as ""just aging.""

Exhaustion is not aging. Anxiety is not aging. Weight gain and brain fog and joint pain — these are signs your body needs support.

And support is available.

The 30-Day Revitalize system has helped thousands of women 45-65 go from:
😴 Exhausted → Energized
😰 Anxious → Calm
🤯 Brain fog → Mental clarity
⚖️ Stuck weight → Real results

This is not magic. It's science. It's strategy. And it's waiting for you.

🚀 Get the complete 30-Day Revitalize Workbook → $79

rivitalize.gumroad.com/l/nlkuz

Link in bio.

#NotJustAging #MidlifeWellness #WomenOver45 #HormoneSupport #WomenEmpowerment #MidlifeHealth #RevitalizeAndThrive #YouDeserveMore #WomenOver50 #MidlifeWoman #HealthyAging #FeelingGood #FeelYourBest #WomenWhoThrive #ThrivingAtMidlife","","https://images.pexels.com/photos/5699516/pexels-photo-5699516.jpeg?auto=compress&cs=tinysrgb&w=1080&h=1080&dpr=1","","","","","","Reel",""
"2026/05/29 08:00","Confidence isn't something you find after you lose the weight.
It's not something you earn when you feel better.

Confidence is rebuilt from the inside — one decision at a time.

The Confidence Rebuild Program is a 28-day journey that reconnects you with your own strength, identity, and worth — separate from how you look, what you weigh, or what other people think.

100s of women 45-65 have called this ""the most important thing I ever did for myself.""

""I finally feel like ME again."" — Sandra, 59

💛 28 days. Your terms. Your pace. $47.

👉 Start rebuilding → rivitalize.gumroad.com/l/confidence-rebuild

Link in bio.

#ConfidenceRebuild #WomenConfidence #WomenOver50 #MidlifeConfidence #SelfLove #WomenEmpowerment #ConfidenceJourney #KnowYourWorth #MidlifeWoman #WomenWhoThrive #RevitalizeAndThrive #BoldAndBeautiful #OwnYourStory #WomenStrength #MidlifeBloom","","https://images.pexels.com/photos/3807526/pexels-photo-3807526.jpeg?auto=compress&cs=tinysrgb&w=1080&h=1080&dpr=1","","","","","","Photo",""
"2026/05/30 09:00","What if you didn't have to choose?

What if you could get the workbook, the meal plan, the sleep fix, the strength guide, the mindset reset, AND more — all in one place, at one price?

The Complete Revitalize Bundle gives you every program in our catalog:

✅ 30-Day Workbook ($79)
✅ Hormone Meal Plan ($47)
✅ Mindset Reset ($37)
✅ Sleep Fix ($37)
✅ Adrenal Reset ($47)
✅ Perimenopause Guide ($47)
✅ Strength & Longevity ($57)
✅ Gut Health Reset ($37)
✅ Confidence Rebuild ($47)
✅ Relationships Guide ($37)
✅ Masterclass Series ($75)

Total value: $547
Bundle price: $249

🎉 Save $298 today → rivitalize.gumroad.com/l/nxqlwr

Link in bio.

#RevitalizeBundle #MidlifeWellness #WomenOver45 #BestDeal #WellnessBundle #WomenHealth #MidlifeTransformation #AllInOne #RevitalizeAndThrive #WomenWhoInvest #HealthInvestment #WomenOver50 #MidlifeWoman #TotalWellness #SaveBig","","https://images.pexels.com/photos/3807571/pexels-photo-3807571.jpeg?auto=compress&cs=tinysrgb&w=1080&h=1080&dpr=1","","","","","","Reel",""
"2026/05/31 10:00","In just 14 days with the 30-Day Revitalize program, women report:

📊 Week 1:
• Better sleep (most notice this first)
• Less bloating
• More stable mood

📊 Week 2:
• Energy levels rising
• Brain fog lifting
• Feeling more ""like themselves""

This isn't a quick fix. It's a real reset — and the results build on each other.

Where could YOU be in two weeks?

Start today. See for yourself.

📖 30-Day Revitalize Workbook → $79
rivitalize.gumroad.com/l/nlkuz

Link in bio.

#TwoWeekResults #MidlifeResults #WomenOver45 #RealResults #WellnessJourney #HormoneBalance #RevitalizeAndThrive #MidlifeWoman #WomenWellness #FeelBetter #HealthyHabits #WellnessWorks #MidlifeHealth #BetterEveryDay #ThrivingAtMidlife","","https://images.pexels.com/photos/3756165/pexels-photo-3756165.jpeg?auto=compress&cs=tinysrgb&w=1080&h=1080&dpr=1","","","","","","Photo",""
"2026/06/01 07:00","Day 15. You're halfway through the month.

Halfway through the fog.
Halfway to the energy you remember.
Halfway to reclaiming your body.

If you haven't started yet — today is your halfway point too.

Because in 15 days from right now, you could be a woman who:
🌟 Wakes up rested
🌟 Moves through her day without the crash
🌟 Looks in the mirror and actually likes who she sees

That woman is you. She's just waiting for you to choose her.

💥 Start your 30 days → rivitalize.gumroad.com/l/nlkuz ($79)

Link in bio.

#Day15 #HalfwayThere #MidlifeWellness #WomenOver45 #RevitalizeAndThrive #MidlifeMotivation #WomenEmpowerment #ChooseYourself #MidlifeWoman #WomenHealth #FeelingGood #WellnessMotivation #MidlifeBloom #YouCanDoThis #ThrivingAt50","","https://images.pexels.com/photos/3823537/pexels-photo-3823537.jpeg?auto=compress&cs=tinysrgb&w=1080&h=1080&dpr=1","","","","","","Reel",""
"2026/06/02 08:00","Midlife changes relationships.

Some deepen. Some fall away. Some leave you wondering why you feel so disconnected — even from people you love.

The Midlife Relationships Guide helps you navigate:
💑 Intimacy in a changing body
👥 Setting boundaries without guilt
💬 Communicating what you actually need
🪞 Reconnecting with who you are outside of your roles

Healthy relationships don't just happen. They're built — and rebuilt.

You deserve deep, mutual, nourishing connection.

❤️ Get the Relationships Guide → $37
rivitalize.gumroad.com/l/reclaim-relationships

Link in bio.

#MidlifeRelationships #WomenOver45 #HealthyRelationships #MidlifeIntimacy #WomenEmpowerment #ConnectionMatters #MidlifeWoman #RelationshipGoals #WomenWellness #LoveAfter45 #RevitalizeAndThrive #HealingJourney #WomenStrength #CommunicationIsKey #MidlifeBloom","","https://images.pexels.com/photos/3807534/pexels-photo-3807534.jpeg?auto=compress&cs=tinysrgb&w=1080&h=1080&dpr=1","","","","","","Photo",""
"2026/06/03 09:00","What's the #1 longevity habit for women over 45?

It's not kale.
It's not a supplement.
It's not even sleep (though sleep matters enormously).

It's MUSCLE.

After 40, women lose 1-2% of muscle mass per year without resistance training.

Less muscle = lower metabolism, weaker bones, higher disease risk, less energy.

More muscle = longer healthspan, stronger bones, sharper brain, better hormones.

The Strength & Longevity Guide is your 12-week blueprint to building the body that protects you for decades to come.

💪 Invest in your future self → $57
rivitalize.gumroad.com/l/strength-longevity

Link in bio.

#LongevityHabits #MuscleHealth #WomenOver45 #StrengthTraining #HealthyAging #MidlifeFitness #BuildStrength #FitWomen #RevitalizeAndThrive #WomenWhoLift #FitnessOver50 #MidlifeHealth #StayStrong #HealthSpan #WomenFitness","","https://images.pexels.com/photos/3757376/pexels-photo-3757376.jpeg?auto=compress&cs=tinysrgb&w=1080&h=1080&dpr=1","","","","","","Reel",""
"2026/06/04 07:00","""I thought it was too late for me. I was 63, exhausted, and had basically given up on feeling good.""

That was Diane's story 6 months ago.

Today she:
✨ Has more energy than she did at 45
✨ Sleeps through the night
✨ Lost 22 pounds without starving
✨ Says she ""finally feels free""

Diane used the Complete Revitalize Bundle — and it changed everything for her.

If you're reading this thinking ""that won't work for me"" — that's exactly what Diane thought too.

Your age is not your ceiling. It's just a number.

🌸 Diane's turning point is available to you right now.

→ rivitalize.gumroad.com/l/nxqlwr ($249)

Link in bio.

#NeverTooLate #WomenOver60 #MidlifeTransformation #WomenEmpowerment #RealResults #RevitalizeAndThrive #WomenOver50 #HealthyAging #MidlifeWoman #YouCanDoThis #WellnessJourney #FeelAmazing #TransformationTuesday #WomenStrength #MidlifeBloom","","https://images.pexels.com/photos/5699791/pexels-photo-5699791.jpeg?auto=compress&cs=tinysrgb&w=1080&h=1080&dpr=1","","","","","","Photo",""
"2026/06/05 08:00","It's Friday. Before you rush into the weekend, take 60 seconds.

What's working in your body right now?
What habit stuck this week?
What did your body do that deserves a thank you?

Wellness is not all or nothing. It's choosing yourself again and again — even imperfectly.

If you've been waiting for the perfect moment to start, this is it.

The 30-Day Revitalize Workbook gives you a daily framework to celebrate your progress and keep building momentum.

Because you deserve to feel proud. Every single week.

📖 Start your journey → rivitalize.gumroad.com/l/nlkuz ($79)

Link in bio.

#FridayWins #CelebratYourProgress #WomenOver45 #MidlifeWellness #WinWednesday #SelfCelebration #RevitalizeAndThrive #WomenWhoThrive #MidlifeWoman #GratefulForMyBody #WellnessWins #MidlifeMotivation #WomenHealth #HealthyHabits #ThrivingAtMidlife","","https://images.pexels.com/photos/3807566/pexels-photo-3807566.jpeg?auto=compress&cs=tinysrgb&w=1080&h=1080&dpr=1","","","","","","Reel",""
"2026/06/06 09:00","What gets scheduled gets done.

The Revitalize Wellness Planner is a digital planner designed specifically for women 45-65 who are juggling everything — and still trying to take care of themselves.

Inside:
📅 Daily hormone-supporting habit tracker
🥗 Weekly meal planning pages
💤 Sleep quality journal
💪 Workout logging
🧠 Mindset check-ins
💊 Supplement tracker

Everything you need to stay consistent — in one beautiful, printable planner.

Because when you plan for your health, your health actually improves.

📋 Get the Wellness Planner → $25
rivitalize.gumroad.com/l/wellness-planner

Link in bio.

#WellnessPlanner #MidlifePlanning #WomenOver45 #PlannerCommunity #HabitTracker #MealPlanning #WellnessTools #RevitalizeAndThrive #MidlifeWoman #GetOrganized #WomenHealth #WellnessJourney #HealthPlanner #MidlifeWellness #PlanYourHealth","","https://images.pexels.com/photos/1995842/pexels-photo-1995842.jpeg?auto=compress&cs=tinysrgb&w=1080&h=1080&dpr=1","","","","","","Photo",""
"2026/06/07 10:00","21 days.

In three weeks with the 30-Day Revitalize program, you can expect:

🌅 Week 1: Sleep improving. Energy starting to stabilize.
🌿 Week 2: Bloating down. Brain fog lifting. Mood more even.
🔥 Week 3: Weight beginning to move. Energy sustained. Feeling genuinely hopeful.

This is the compound effect of wellness — small daily choices that build a completely different life.

You have 9 more days to make Month 1 your turning point.

If you haven't started — Week 1 is waiting for you right now.

✨ Your 30-day reset → rivitalize.gumroad.com/l/nlkuz ($79)

Link in bio.

#21DayChallenge #ThreeWeeks #MidlifeReset #WomenOver45 #RevitalizeAndThrive #CompoundEffect #RealResults #MidlifeWoman #WellnessWorks #WomenHealth #MidlifeTransformation #WomenEmpowerment #FeelAmazing #MidlifeWellness #ThrivingAtMidlife","","https://images.pexels.com/photos/3807519/pexels-photo-3807519.jpeg?auto=compress&cs=tinysrgb&w=1080&h=1080&dpr=1","","","","","","Reel",""
"2026/06/08 07:00","What if you spent 3 hours truly understanding your body?

Not Google searches at midnight. Not conflicting advice from doctors who have 8 minutes per appointment.

Actual, science-based clarity.

The Revitalize Masterclass Series is a 6-part video series covering everything you wish you'd known about women's health in midlife:

🎥 Module 1: The Hormone Hierarchy
🎥 Module 2: Metabolism After 45
🎥 Module 3: Sleep, Stress & Cortisol
🎥 Module 4: Gut Health & Inflammation
🎥 Module 5: Strength & Longevity
🎥 Module 6: The Mindset of Thriving

Watch at your own pace. Reference forever. Share with the women in your life.

🎓 Get the Masterclass Series → $75
rivitalize.gumroad.com/l/masterclass-series

Link in bio.

#WellnessMasterclass #WomenHealth #MidlifeEducation #HormoneHealth #WomenOver45 #MidlifeWellness #KnowledgeIsPower #WomenWhoLearn #RevitalizeAndThrive #HealthEducation #MidlifeWoman #ScienceBasedWellness #WomensHealth #WellnessClass #MidlifeExpert","","https://images.pexels.com/photos/3807555/pexels-photo-3807555.jpeg?auto=compress&cs=tinysrgb&w=1080&h=1080&dpr=1","","","","","","Photo",""
"2026/06/09 08:00","Cortisol is your body's alarm system.

It was designed for short bursts — run from the tiger, then relax.

But modern life keeps the alarm ON. All day. Every day.

Chronic high cortisol in women 45+ leads to:
🚨 Belly fat that won't budge
🚨 Insomnia despite exhaustion
🚨 Anxiety with no clear cause
🚨 Blood sugar swings and cravings
🚨 Weakened immunity

Your stress management is not a wellness luxury. It's medical necessity.

The Adrenal Reset Protocol teaches you how to lower cortisol naturally, restore your energy reserves, and finally feel calm again.

💛 Reset your stress response → $47
rivitalize.gumroad.com/l/burnout-recovery

Link in bio.

#CortisolBalance #StressHormone #WomenOver45 #AdrenalHealth #ChronicStress #HormoneBalance #StressRelief #MidlifeHealth #RevitalizeAndThrive #LowerCortisol #WomenWellness #MindBodyHealth #StressManagement #MidlifeWoman #NaturalWellness","","https://images.pexels.com/photos/3807591/pexels-photo-3807591.jpeg?auto=compress&cs=tinysrgb&w=1080&h=1080&dpr=1","","","","","","Reel",""
"2026/06/10 09:00","Wellness is for every woman.

Whether you're 45 or 65, whether you're Black, Latina, Asian, Indigenous, or white, whether you live in a city or the country — your body deserves to feel its best.

Hormone changes don't discriminate. Neither does exhaustion. Neither does the joy of finding your way back to yourself.

Revitalize & Thrive Now was created for ALL of us — every woman who has ever felt unseen, unheard, or under-supported by the medical system.

You belong here. Your wellness matters. And there is real support waiting for you.

🌸 Your community is here → rivitalize.gumroad.com/l/nlkuz

Link in bio.

#WellnessForAll #DiverseWomen #WomenOver45 #InclusiveWellness #WomenEmpowerment #AllWomen #BlackWomenWellness #LatinaWellness #WomenOfColor #RevitalizeAndThrive #RepresentationMatters #MidlifeWoman #WomenHealthEquity #WomensWellness #CommunityHealing","","https://images.pexels.com/photos/5473182/pexels-photo-5473182.jpeg?auto=compress&cs=tinysrgb&w=1080&h=1080&dpr=1","","","","","","Photo",""
"2026/06/11 07:00","Joy is not frivolous.
Joy is not a reward for being productive enough.
Joy is not something you'll get to ""when things slow down.""

Joy is a biological necessity.

When you're running on cortisol and depletion, everything feels gray. Everything feels hard. And slowly, you stop expecting to feel good.

The work we do in the 30-Day Revitalize program isn't just about energy and hormones — it's about giving yourself permission to feel alive again.

Laughter. Lightness. Genuine excitement about your life.

That's what's on the other side.

🌟 Begin your joy reset → rivitalize.gumroad.com/l/nlkuz ($79)

Link in bio.

#ReclaimingJoy #MidlifeJoy #WomenOver45 #JoyfulLiving #WellnessAndJoy #WomenEmpowerment #RevitalizeAndThrive #LiveFully #MidlifeWoman #WomenWhoThrive #EmbraceLife #HappinessHormones #MidlifeHappiness #WomenWellness #ThrivingAtMidlife","","https://images.pexels.com/photos/3807527/pexels-photo-3807527.jpeg?auto=compress&cs=tinysrgb&w=1080&h=1080&dpr=1","","","","","","Reel",""
"2026/06/12 08:00","You're told to sleep 7-9 hours. But nobody tells you that poor sleep makes EVERYTHING else harder.

Weight loss? Hormones regulate fat-burning while you sleep.
Mood? Most emotional regulation happens during REM.
Memory? The brain consolidates and clears toxins during deep sleep.
Immunity? Critical repair happens at night.

For women in midlife, sleep disruption isn't just uncomfortable — it's a health crisis.

The Midlife Sleep Fix is a step-by-step protocol to restore restorative sleep — without prescriptions, pills, or counting sheep.

💤 Nights that actually restore you → $37
rivitalize.gumroad.com/l/midlife-sleep-fix

Link in bio.

#SleepIsEssential #MidlifeSleep #WomenOver45 #BetterSleep #SleepScience #HormoneHealth #SleepFix #WomenWellness #RevitalizeAndThrive #RestoredSleep #SleepBetter #MidlifeHealth #NightRoutine #SleepSolutions #WomenOver50","","https://images.pexels.com/photos/3807604/pexels-photo-3807604.jpeg?auto=compress&cs=tinysrgb&w=1080&h=1080&dpr=1","","","","","","Photo",""
"2026/06/13 09:00","One of the most healing things about this journey?

You're not alone in it.

Thousands of women 45-65 are on this same path — rebuilding their energy, reclaiming their body, and rediscovering their joy.

Women who get it. Who know the 3am wake-ups, the brain fog, the frustration of feeling like yourself is somewhere just out of reach.

And who know the breakthrough on the other side.

When you join the Revitalize community, you join a sisterhood.

Ready to belong somewhere that truly sees you?

🤝 Join thousands thriving in midlife → rivitalize.gumroad.com/l/nlkuz ($79)

Link in bio.

#WellnessCommunity #WomenOver45 #MidlifeSisterhood #NotAlone #WomenEmpowerment #RevitalizeAndThrive #MidlifeWoman #WomenSupport #CommunityHealing #WomenWhoLift #MidlifeWellness #SisterhoodStrong #WomensWellness #FindYourTribe #TogetherWeThrive","","https://images.pexels.com/photos/3775603/pexels-photo-3775603.jpeg?auto=compress&cs=tinysrgb&w=1080&h=1080&dpr=1","","","","","","Reel",""
"2026/06/14 10:00","This Sunday could be the last one before everything changes.

In 30 days from today:
→ Your sleep could be transformed
→ Your energy could be sustained
→ Your weight could finally be moving
→ Your mind could be clearer than it's been in years

Or it could be just another Sunday.

The choice is literally in your hands right now.

The 30-Day Revitalize Workbook is available today. And 30 days from today is coming whether you start or not.

Choose yourself today.

📖 Start now → rivitalize.gumroad.com/l/nlkuz ($79)

Link in bio.

#ChooseYourself #MidlifeWellness #WomenOver45 #StartToday #RevitalizeAndThrive #30DayChallenge #MidlifeMotivation #WomenEmpowerment #NowIsTheTime #MidlifeWoman #WellnessWorks #TransformYourLife #WomenHealth #BetterDays #ThrivingAtMidlife","","https://images.pexels.com/photos/3807602/pexels-photo-3807602.jpeg?auto=compress&cs=tinysrgb&w=1080&h=1080&dpr=1","","","","","","Photo",""
"2026/06/15 07:00","The month is almost over.

And if you haven't taken that first step yet — this is your final push.

Because next month starts fresh. And the woman who shows up to next month is determined by the choice you make today.

Will she be the same one who was exhausted, stuck, and wishing things were different?

Or will she be the one who finally said YES to herself?

The 30-Day Revitalize Workbook. The Complete Bundle. The Sleep Fix. The Mindset Reset.

All of it is here. All of it works. All of it is waiting for you.

🔥 Your moment is now → lccrichards.github.io/revitalize-and-thrive-now/

Link in bio.

#FinalPush #EndOfMonth #WomenOver45 #MidlifeWellness #RevitalizeAndThrive #NoMoreWaiting #NowIsTheTime #WomenEmpowerment #MidlifeWoman #ChooseHealth #WomenWhoThrive #MidlifeMotivation #WellnessJourney #LastChance #ThrivingAtMidlife","","https://images.pexels.com/photos/3823514/pexels-photo-3823514.jpeg?auto=compress&cs=tinysrgb&w=1080&h=1080&dpr=1","","","","","","Reel",""
"2026/06/16 08:00","30 days.

If you've been following along — LOOK at how far you've come.

If you're just arriving — welcome. You're right on time.

Revitalize & Thrive Now isn't a one-month program. It's a permanent shift in how you live, how you feel, and who you choose to be.

The women who do this work don't go back. They can't. Because once you feel what's possible — really, truly possible in your body — settling is no longer an option.

Month 2 is even better than Month 1.

And it starts tomorrow.

🌸 Stay in the journey → lccrichards.github.io/revitalize-and-thrive-now/

All programs: rivitalize.gumroad.com/l/nxqlwr

Link in bio.

#Day30 #ThirtyDays #NewBeginning #WomenOver45 #RevitalizeAndThrive #MidlifeWellness #WomenEmpowerment #JustTheBeginning #MidlifeWoman #WomenWhoThrive #WellnessJourney #MidlifeTransformation #KeepGoing #ThrivingAtMidlife #YouDidIt","","https://images.pexels.com/photos/3807546/pexels-photo-3807546.jpeg?auto=compress&cs=tinysrgb&w=1080&h=1080&dpr=1","","","","","","Photo",""
