"Date","Message","Link","Media URLs"
"2026-05-18 07:00","You built a career. You raised a family. You showed up for everyone else.

Now you're 45, 50, 55 — and something is off.

The energy isn't there. The drive feels muted. The body isn't responding the way it used to.

This is not inevitable. This is not ""just aging.""

This is a recalibration — and it's fixable.

Reclaim & Rise Now is a 30-day men's wellness system that restores your testosterone, energy, focus, and strength.

Not a gimmick. Not a supplement company. A real protocol for real men who are ready to show up fully again.

🔥 Grab the 30-Day Reclaim Workbook → $79
rivitalize.gumroad.com/l/nlkuz

Link in bio.

#ReclaimAndRise #MenOver45 #MensWellness #MensHealth #MidlifeMen #TestosteroneHealth #MenOver50 #MensWellnessJourney #MidlifeRecalibration #MenWhoThrive #MenHealth #HealthyMen #MensTransformation #MidlifeWellness #RecoveryForMen","","https://alexanderwellness.github.io/reclaim-and-rise-now/poster-web.jpg"
"2026-05-19 08:00","If you're dragging through the day, crashing after lunch, and lying awake at night — your hormones are talking to you.

After 40, testosterone drops 1-2% per year.
Cortisol rises with chronic stress.
Sleep quality degrades.
Metabolism slows.

The result? You feel like a dimmer version of yourself.

More irritable. Less motivated. Softer around the middle. Struggling to focus.

This isn't weakness. It's biology — and biology responds to strategy.

The Midlife Sleep Fix is the starting point most men skip. Better sleep = better hormones = better everything.

💤 Fix your sleep, fix your life → $37
rivitalize.gumroad.com/l/midlife-sleep-fix

Link in bio.

#MensSleep #TestosteroneDrop #MenOver45 #MensHealth #BetterSleep #SleepFix #HormoneHealth #MidlifeMen #EnergyForMen #MenOverFifty #RecaimAndRise #SleepScience #MenWhoThrive #MensWellness #HealthyAging","","https://images.pexels.com/photos/3771086/pexels-photo-3771086.jpeg?auto=compress&cs=tinysrgb&w=1080&h=1080&dpr=1"
"2026-05-20 09:00","Sign #1: You get frustrated faster — and it takes longer to come back down.
Sign #2: You can't lose the belly fat no matter what you eat or how much you work out.
Sign #3: Your drive — professionally, physically, sexually — feels like it's fading.

These aren't character flaws. These are hormonal signals.

The Hormone Meal Plan was designed to directly address all three — through food that supports testosterone, reduces cortisol, and restores natural vitality.

🥩 28 days of meals that optimize men's hormones and performance.

No counting macros to death. No starvation. Real food, real results.

💪 Get the Hormone Meal Plan → $47
rivitalize.gumroad.com/l/hormone-meal-plan

Link in bio.

#MensHormones #TestosteroneFood #MenOver45 #HormoneMealPlan #MensNutrition #MidlifeMen #FoodForMen #MensPerformance #ReclaimAndRise #HormoneBalance #MenWhoThrive #MensHealth #MidlifeNutrition #TestosteroneSupport #EatForEnergy","","https://images.pexels.com/photos/1640773/pexels-photo-1640773.jpeg?auto=compress&cs=tinysrgb&w=1080&h=1080&dpr=1"
"2026-05-21 07:00","He was 53. Successful by every external measure. And completely hollow inside.

""I didn't recognize myself. I was going through the motions. Nothing felt worth it.""

Three months later he said: ""I feel more awake than I have in 15 years.""

The difference wasn't a supplement. It was the inner work.

The Midlife Mindset Reset is a 21-day guided transformation that clears the mental blocks keeping men stuck — and reignites the drive that got you here in the first place.

Because what's happening inside your head is just as important as what's happening in your body.

🧠 21 days. Real shifts. $37.

👉 Start the reset → rivitalize.gumroad.com/l/mindset-reset

Link in bio.

#MensMindset #MidlifeMindset #MenOver45 #MindsetReset #MensTransformation #MidlifeMen #GrowthMindset #MenWhoThrive #ReclaimAndRise #MindsetShift #MentalStrength #SuccessMindset #MensHealth #MidlifeRecalibration #IgniteYourDrive","","https://images.pexels.com/photos/3184418/pexels-photo-3184418.jpeg?auto=compress&cs=tinysrgb&w=1080&h=1080&dpr=1"
"2026-05-22 08:00","What if you felt better at 55 than you did at 40?

That's not hyperbole — that's what happens when you give your body the right inputs.

Join the FREE 5-Day Energy Challenge:

⚡ Day 1: The morning protocol that naturally spikes testosterone
⚡ Day 2: The #1 food most men over 45 are missing
⚡ Day 3: The sleep reset that doubles recovery
⚡ Day 4: The strength move that re-ignites metabolism
⚡ Day 5: The stress tool that lowers cortisol in minutes

5 days. Zero cost. Real results.

🎁 Claim your free spot → rivitalize.gumroad.com/l/energy-challenge

Link in bio.

#FreeChallenge #MensEnergy #MenOver45 #EnergyBoost #5DayChallenge #MensWellness #TestosteroneBoost #ReclaimAndRise #MidlifeMen #MensHealth #EnergyChallenge #FreeMensReset #MenWhoThrive #FeelYourBest #MidlifeRecovery","","https://images.pexels.com/photos/1552252/pexels-photo-1552252.jpeg?auto=compress&cs=tinysrgb&w=1080&h=1080&dpr=1"
"2026-05-23 09:00","Men weren't taught to talk about burnout.

We were taught to push harder.

So we pushed. And pushed. And at some point the well ran dry.

Adrenal burnout hits men hard after 45. Decades of stress on the body — work pressure, financial pressure, family pressure — without adequate recovery.

The result: a chronically elevated cortisol state that kills testosterone, destroys sleep, and makes everything feel harder than it should.

The Adrenal Reset Protocol is a 4-week recovery plan designed for high-performing men who need to rebuild their reserves — not just rest, but RESTORE.

🔄 Reset your stress system → $47
rivitalize.gumroad.com/l/burnout-recovery

Link in bio.

#MensBurnout #AdrenalFatigue #MenOver45 #BurnoutRecovery #MensHealth #ChronicStress #CortisolControl #MidlifeMen #ReclaimAndRise #MensWellness #AdrenalReset #RecoverStrong #MenWhoThrive #StressRelief #MidlifeRecalibration","","https://images.pexels.com/photos/4498362/pexels-photo-4498362.jpeg?auto=compress&cs=tinysrgb&w=1080&h=1080&dpr=1"
"2026-05-24 10:00","Sunday isn't just a day off.

For men who are serious about performance — Sunday is your setup day.

Your body recovers. Your mind clears. Your strategy gets refined.

And when Monday hits, you're not reactive. You're ready.

The 30-Day Reclaim Workbook gives you a weekly framework built on this philosophy — preparation, recovery, and intentional progression.

Because the men who win the week are the ones who prepared for it on Sunday.

📖 Your Sunday setup starts here → rivitalize.gumroad.com/l/nlkuz ($79)

Link in bio.

#SundayReset #MensSundayRoutine #MenOver45 #SundayPrep #MensWellness #WeekendRecovery #ReclaimAndRise #MidlifeMen #MenWhoThrive #MensHealth #PrepareToWin #SundayRitual #HighPerformanceMen #MidlifeRecalibration #MensMindset","","https://images.pexels.com/photos/4050302/pexels-photo-4050302.jpeg?auto=compress&cs=tinysrgb&w=1080&h=1080&dpr=1"
"2026-05-25 07:00","Here's what most men don't know:

Your gut microbiome directly regulates testosterone production, cortisol levels, and inflammation.

When your gut is disrupted:
→ Testosterone can't metabolize properly
→ Estrogen rises (yes, men have estrogen — and midlife gut issues spike it)
→ Inflammation increases, killing energy and drive
→ Mood and focus suffer

The Gut Health Reset is a 30-day protocol targeting the gut-testosterone-brain axis — the real foundation of men's performance.

Fix the gut. Fix the hormones. Fix everything.

🌿 Gut Health Reset → $37
rivitalize.gumroad.com/l/gut-health-reset

Link in bio.

#MensGutHealth #GutTestosterone #MenOver45 #MensHealth #GutReset #MicrobiomeHealth #TestosteroneHealth #ReclaimAndRise #MidlifeMen #HormoneBalance #GutHealing #MenWhoThrive #GutBrainConnection #MensWellness #MidlifePerformance","","https://images.pexels.com/photos/1640775/pexels-photo-1640775.jpeg?auto=compress&cs=tinysrgb&w=1080&h=1080&dpr=1"
"2026-05-26 08:00","There is no supplement, no biohack, no protocol that beats this for men over 45:

Resistance training.

Here's what it does that nothing else can:
✅ Increases natural testosterone
✅ Rebuilds muscle lost to age
✅ Improves insulin sensitivity
✅ Strengthens bone density
✅ Sharpens mental focus
✅ Reduces all-cause mortality

After 40 you lose 1-2% of muscle per year without resistance training. That's not just aesthetics — that's metabolic function, hormonal health, and longevity.

The Strength & Longevity Guide is a 12-week progressive program built for men 45+.

💪 Build the body that carries you to 100 → $57
rivitalize.gumroad.com/l/strength-longevity

Link in bio.

#MensStrength #StrengthTraining #MenOver45 #MidlifeFitness #BuildMuscle #TestosteroneWorkout #ReclaimAndRise #MenWhoLift #MidlifeStrength #MensHealth #StrengthLongevity #FitAt50 #AgingStrong #MensWorkout #HealthyMen","","https://images.pexels.com/photos/841130/pexels-photo-841130.jpeg?auto=compress&cs=tinysrgb&w=1080&h=1080&dpr=1"
"2026-05-27 09:00","Andropause.

It's the male equivalent of menopause — and most men have never heard of it.

Starting in your mid-40s, testosterone drops, estrogen rises relative to testosterone, and your body begins a hormonal transition that affects EVERYTHING:

📉 Energy
📉 Muscle mass
📉 Mental clarity
📉 Sexual drive
📉 Emotional resilience
📉 Sleep quality

It's not depression. It's not weakness. It's biology.

And unlike menopause — you can REVERSE many of these changes with the right protocol.

The Complete Reclaim Program covers everything you need to navigate this transition powerfully.

📋 Navigate The Shift → rivitalize.gumroad.com/l/nlkuz ($79)

Link in bio.

#Andropause #MaleHormones #MenOver45 #TestosteroneDecline #MensHealth #HormoneHealth #MidlifeMen #ReclaimAndRise #MalesOver50 #HormoneBalance #MenWhoThrive #MidlifeRecalibration #MensWellness #MidlifeHealth #ManHealth","","https://images.pexels.com/photos/2379004/pexels-photo-2379004.jpeg?auto=compress&cs=tinysrgb&w=1080&h=1080&dpr=1"
"2026-05-28 07:00","The narrative says midlife men are past their peak.

Decline is coming. Slow down. Accept it.

That narrative is wrong.

Biology doesn't have to be destiny. Hormonal decline can be addressed. Muscle can be rebuilt. Energy can be restored. Drive can return.

The men who thrive past 50 aren't exceptions. They're just the ones who chose strategy over resignation.

Reclaim & Rise Now has helped thousands of men 45-65 go from:
😩 Exhausted → Energized
🧠 Foggy → Sharp
💪 Weak → Strong
😤 Frustrated → Focused

This is your story too. If you choose it.

🔥 Choose your comeback → rivitalize.gumroad.com/l/nlkuz ($79)

Link in bio.

#MensComeback #MenOver45 #NotDeclining #MidlifeStrong #ReclaimAndRise #MensTransformation #MidlifeMen #MensHealth #ThrivingAt50 #MenWhoThrive #PerformanceAtAnyAge #AgingStrong #MensWellness #FightBack #MidlifeRecalibration","","https://alexanderwellness.github.io/reclaim-and-rise-now/poster-web.jpg"
"2026-05-29 08:00","At 25, confidence came from raw energy and possibility.

At 50, confidence comes from earned wisdom, self-knowledge, and choosing who you want to be.

But if you're running on hormonal depletion and chronic stress — that deeper confidence gets buried under fog and frustration.

The Confidence Rebuild Program is 28 days of reconnecting with your identity, your purpose, and your self-respect — outside of performance metrics or external validation.

""I stopped feeling like I was losing and started feeling like I was building."" — Marcus, 54

💪 28 days. Your terms. $47.

👉 Rebuild → rivitalize.gumroad.com/l/confidence-rebuild

Link in bio.

#MensConfidence #MidlifeConfidence #MenOver45 #ConfidenceRebuild #MensIdentity #SelfRespect #MensEmpowerment #ReclaimAndRise #MidlifeMen #MenWhoThrive #MensWellness #KnowYourWorth #MidlifePurpose #MensGrowth #StrongMen","","https://images.pexels.com/photos/3756166/pexels-photo-3756166.jpeg?auto=compress&cs=tinysrgb&w=1080&h=1080&dpr=1"
"2026-05-30 09:00","Why choose one when you can have everything?

The Complete Reclaim Bundle gives every man in midlife the full toolkit:

✅ 30-Day Workbook ($79)
✅ Hormone Meal Plan ($47)
✅ Mindset Reset ($37)
✅ Sleep Fix ($37)
✅ Adrenal Reset ($47)
✅ Gut Health Reset ($37)
✅ Strength & Longevity ($57)
✅ Confidence Rebuild ($47)
✅ Relationships Guide ($37)
✅ Masterclass Series ($75)

Total value: $501
Bundle price: $249

Save $252 — and get everything you need to show up fully again.

🏆 Grab the Complete Bundle → rivitalize.gumroad.com/l/nxqlwr

Link in bio.

#ReclaimBundle #MensBundle #MenOver45 #BestValueWellness #MensHealth #MidlifeMen #ReclaimAndRise #MensTransformation #AllInOne #MenWhoThrive #WellnessBundle #SaveBig #MensWellness #HealthInvestment #MidlifeRecalibration","","https://images.pexels.com/photos/1058431/pexels-photo-1058431.jpeg?auto=compress&cs=tinysrgb&w=1080&h=1080&dpr=1"
"2026-05-31 10:00","In 14 days with the 30-Day Reclaim program, men consistently report:

📊 Week 1:
• Deeper, more restorative sleep
• Less afternoon energy crash
• Morning motivation returning

📊 Week 2:
• Improved focus and mental clarity
• Belly bloating reducing
• Mood more stable throughout the day
• Gym performance improving

This is not a fluke. This is what happens when you address the root causes — hormones, sleep, cortisol, gut — instead of just treating symptoms.

Where could YOU be in two weeks?

📖 Start your 14-day shift → rivitalize.gumroad.com/l/nlkuz ($79)

Link in bio.

#TwoWeekResults #MensProgress #MenOver45 #ReclaimAndRise #MidlifeProgress #MensHealth #RealResults #MidlifeMen #MenWhoThrive #14DayReset #MensWellness #HormoneBalance #MidlifeRecalibration #WeekOneWins #MidlifeResults","","https://images.pexels.com/photos/2294354/pexels-photo-2294354.jpeg?auto=compress&cs=tinysrgb&w=1080&h=1080&dpr=1"
"2026-06-01 07:00","Day 15.

Halfway through the month. Halfway through the fog. Halfway to the man you know you can be again.

The men who make it to Day 30 aren't the ones with the most willpower.

They're the ones who committed on Day 1 — and let the system do the work.

If you haven't started yet — Day 15 is your Day 1.

Because in 15 days from right now, you could be a man who:
🔥 Wakes up ready
🔥 Performs at his best all day
🔥 Sleeps like he hasn't in years
🔥 Feels proud of who he sees in the mirror

Start. Now.

💥 Your 30 days begin here → rivitalize.gumroad.com/l/nlkuz ($79)

Link in bio.

#Day15 #HalfwayThere #MenOver45 #MidlifeMotivation #ReclaimAndRise #MidlifeMen #MensHealth #MenWhoThrive #MidlifeRecalibration #DontStop #MensWellness #KeepGoing #StrengthAtMidlife #MensTransformation #FightForYourself","","https://images.pexels.com/photos/1149601/pexels-photo-1149601.jpeg?auto=compress&cs=tinysrgb&w=1080&h=1080&dpr=1"
"2026-06-02 08:00","When a man's hormones are off — his relationships feel it first.

More irritability. Less patience. Decreased intimacy. Difficulty communicating what he actually needs.

It's not a relationship problem. It's a biological problem that SHOWS UP in relationships.

But here's the thing: when men address their hormonal and emotional health — their relationships transform too.

The Midlife Relationships Guide helps men navigate:
💑 Intimacy in a changing body
💬 Communicating more honestly
👥 Setting boundaries without blowing up
🪞 Reconnecting with identity outside of providing/achieving

Stronger man. Stronger relationships.

❤️ Get the Relationships Guide → $37
rivitalize.gumroad.com/l/reclaim-relationships

Link in bio.

#MensRelationships #MidlifeRelationships #MenOver45 #MensIntimacy #HealthyRelationships #MensEmpowerment #ReclaimAndRise #MidlifeMen #MenWhoThrive #MensHealth #ConnectionMatters #StrongerMan #RelationshipHealth #MensMindset #MidlifeWellness","","https://images.pexels.com/photos/1488318/pexels-photo-1488318.jpeg?auto=compress&cs=tinysrgb&w=1080&h=1080&dpr=1"
"2026-06-03 09:00","Every man wants to live longer. Most aren't doing the one thing that makes the biggest difference.

Skeletal muscle mass is the strongest predictor of longevity after age 50.

More muscle = lower risk of heart disease, diabetes, cognitive decline, and fall-related death.
More muscle = better hormone production, better metabolic function, better everything.

This is not about looking good (though that happens too).

This is about being the man who's still sharp at 70, still strong at 75, still fully present for the people who need him.

The Strength & Longevity Guide is your 12-week system.

⚙️ Engineer your longevity → $57
rivitalize.gumroad.com/l/strength-longevity

Link in bio.

#MensLongevity #StrengthForLife #MenOver45 #MuscleIsMedicine #LiveLonger #MidlifeFitness #ReclaimAndRise #HealthyAging #MenWhoLift #AgingStrong #MensHealth #LongevityTraining #StayStrong #MidlifePerformance #MidlifeMen","","https://images.pexels.com/photos/1699159/pexels-photo-1699159.jpeg?auto=compress&cs=tinysrgb&w=1080&h=1080&dpr=1"
"2026-06-04 07:00","""I'd basically accepted that this is just how it is after 50. Low energy. Bad sleep. Zero motivation. I thought I was broken.""

That was David's story 4 months ago.

He's 58.

Today:
✅ Sleeps through the night
✅ Lost 26 pounds
✅ Back to training 4x per week
✅ Says his mind is clearer than it's been in a decade
✅ His wife says he's ""the man she married"" again

David used the Complete Reclaim Bundle and it changed everything.

You are not broken. You are not past your prime.

You just need the right protocol.

🔥 David's turning point is available right now → $249
rivitalize.gumroad.com/l/nxqlwr

Link in bio.

#MensTransformation #NeverGiveUp #MenOver50 #ReclaimAndRise #MidlifeWins #MidlifeMen #MensHealth #RealResults #MenWhoThrive #MensWellness #StillStrong #HealthyAging #MidlifeRecalibration #MenOver45 #TransformAt50","","https://alexanderwellness.github.io/reclaim-and-rise-now/poster-web.jpg"
"2026-06-05 08:00","Real performance isn't just what you did at work.

It's:
• How you showed up for your body
• Whether you made choices that compound over time
• How you'll feel Monday morning

High-performing men don't stumble into the weekend and coast.

They use Friday to reflect. Saturday to recover. Sunday to prepare.

The 30-Day Reclaim Workbook builds this framework into your daily life — so you're not just surviving each week, you're building on it.

📈 Build momentum that compounds → rivitalize.gumroad.com/l/nlkuz ($79)

Link in bio.

#FridayDebrief #MensPerformance #MenOver45 #WeeklyReview #ReclaimAndRise #HighPerformanceMen #MidlifeMen #MensHealth #MenWhoThrive #MidlifeRecalibration #PerformAtYourBest #MensWellness #FridayMindset #MensMindset #BuildMomentum","","https://images.pexels.com/photos/698907/pexels-photo-698907.jpeg?auto=compress&cs=tinysrgb&w=1080&h=1080&dpr=1"
"2026-06-06 09:00","What gets tracked gets improved.

Most men over 45 are making health decisions based on how they feel day to day — which is wildly inconsistent when your hormones are in flux.

The Reclaim Wellness Planner gives you a structured daily system to track:
📋 Energy levels
💤 Sleep quality
🏋️ Workout performance
🥩 Nutrition patterns
🧠 Mood and focus
💊 Supplement adherence

When you track consistently for 30 days, you see patterns — and patterns show you exactly where to optimize.

This is how high performers think. This is how you win your health.

📊 Get the Wellness Planner → $25
rivitalize.gumroad.com/l/wellness-planner

Link in bio.

#MensPlanner #TrackYourProgress #MenOver45 #WellnessPlanner #HabitTracker #ReclaimAndRise #MidlifeMen #MensHealth #MenWhoThrive #GetOrganized #MensWellness #DataDrivenHealth #SystemsForMen #MidlifeRecalibration #HealthTracking","","https://images.pexels.com/photos/669615/pexels-photo-669615.jpeg?auto=compress&cs=tinysrgb&w=1080&h=1080&dpr=1"
"2026-06-07 10:00","21 days into the Reclaim program, men consistently report:

🗓️ Week 1: Sleep dramatically improved. Morning drive returning.
🗓️ Week 2: Mental fog lifting. Gym performance up. Mood more stable.
🗓️ Week 3: Visible body composition changes. Energy sustained all day. Feeling like a different man.

This is the compound effect of targeting the actual causes — not just the symptoms.

Nine days left. The best results are in the final stretch.

Haven't started yet? Week 1 is available right now. And 21 days from today is coming.

⚡ Start the compound effect → rivitalize.gumroad.com/l/nlkuz ($79)

Link in bio.

#21Days #CompoundEffect #MenOver45 #ReclaimAndRise #MidlifeMen #MensHealth #21DayChallenge #MenWhoThrive #MensWellness #RealResults #MidlifeRecalibration #HealthyMen #MidlifeTransformation #MensResults #MidlifeProgress","","https://images.pexels.com/photos/3771093/pexels-photo-3771093.jpeg?auto=compress&cs=tinysrgb&w=1080&h=1080&dpr=1"
"2026-06-08 07:00","Most men over 45 are operating with outdated information about their own biology.

They don't know what's actually happening hormonally. They don't know what their symptoms mean. They don't know which interventions actually work.

The Reclaim Masterclass Series changes that.

6 in-depth modules covering everything you need:
🎥 Module 1: Men's Hormone Hierarchy After 45
🎥 Module 2: The Metabolism Reset
🎥 Module 3: Sleep, Cortisol, and Recovery
🎥 Module 4: Gut Health and Performance
🎥 Module 5: Strength, Longevity, and Injury Prevention
🎥 Module 6: The High-Performance Midlife Mindset

Knowledge is leverage. Get it.

🎓 Get the Masterclass Series → $75
rivitalize.gumroad.com/l/masterclass-series

Link in bio.

#MensMasterclass #MensHealthEducation #MenOver45 #ReclaimAndRise #MidlifeMen #MensHealth #KnowledgeIsPower #MenWhoLearn #MensWellness #HormoneEducation #MidlifeRecalibration #HealthLiteracy #MensMindset #TakingControl #HighPerformanceMen","","https://images.pexels.com/photos/3778786/pexels-photo-3778786.jpeg?auto=compress&cs=tinysrgb&w=1080&h=1080&dpr=1"
"2026-06-09 08:00","Here's the hormone no one tells you about:

Cortisol.

When cortisol is chronically elevated — which happens to almost every driven man over 45 — testosterone production gets suppressed.

Your body treats cortisol as an emergency signal: ""Danger — this is not a safe time to build muscle or maintain libido.""

So it shunts resources away from testosterone and toward survival functions.

The result? Low T symptoms even when you're ""doing everything right.""

Fix the cortisol. Restore the testosterone. It's that direct.

The Adrenal Reset Protocol is your cortisol recovery system.

⚡ Reset your stress hormones → $47
rivitalize.gumroad.com/l/burnout-recovery

Link in bio.

#CortisolTestosterone #MensHormones #MenOver45 #TestosteroneHealth #LowT #CortisolControl #ReclaimAndRise #MidlifeMen #MensHealth #AdrenalHealth #HormoneBalance #MenWhoThrive #StressAndTestosterone #MensWellness #MidlifeRecalibration","","https://images.pexels.com/photos/3759078/pexels-photo-3759078.jpeg?auto=compress&cs=tinysrgb&w=1080&h=1080&dpr=1"
"2026-06-10 09:00","This is for the Black man who's been told his symptoms are just stress.
For the Latino man who learned that asking for help is weakness.
For the Asian man who has optimized everything except his health.
For the white man who built the career but lost the vitality.

Midlife doesn't discriminate.

And neither does Reclaim & Rise Now.

This program was built to give every man — regardless of background, fitness level, or how far he feels from his best — a real path back.

You deserve to feel powerful in your body. That isn't entitlement.

It's biology — and it's your birthright.

🌍 Start your comeback → rivitalize.gumroad.com/l/nlkuz ($79)

Link in bio.

#MensWellnessForAll #DiverseMen #MenOver45 #InclusiveWellness #MensEmpowerment #ReclaimAndRise #MidlifeMen #AllMen #BlackMensHealth #LatinaMensHealth #MenWhoThrive #RepresentationMatters #MensHealth #CommunityStrength #MidlifeForAll","","https://images.pexels.com/photos/1181406/pexels-photo-1181406.jpeg?auto=compress&cs=tinysrgb&w=1080&h=1080&dpr=1"
"2026-06-11 07:00","Drive is not just a personality trait.

It's a hormonal state.

Dopamine. Testosterone. Norepinephrine.

When these are optimized, you're naturally motivated, decisive, energized, and clear.

When they're depleted — from years of stress, poor sleep, and hormonal decline — everything feels like a grind.

You don't need to white-knuckle your way through life.

You need to restore the biological foundation that makes motivation effortless.

The 30-Day Reclaim Workbook is your biochemical reset.

Your drive isn't gone. It's waiting to be reclaimed.

🔥 Reclaim your drive → rivitalize.gumroad.com/l/nlkuz ($79)

Link in bio.

#ReclaimYourDrive #MensMotivation #MenOver45 #DriveAndPurpose #MidlifeMen #ReclaimAndRise #MensHealth #TestosteroneLifestyle #MenWhoThrive #IgniteYourDrive #MensWellness #MidlifeRecalibration #HormoneHealth #MensEmpowerment #RecoveryForMen","","https://alexanderwellness.github.io/reclaim-and-rise-now/poster-web.jpg"
"2026-06-12 08:00","Men tend to wear sleep deprivation like a badge of honor.

""I only need 5 hours.""

You don't.

Your testosterone production peaks during REM sleep. Growth hormone releases during deep sleep. Memory consolidation, cortisol regulation, and muscle repair ALL happen at night.

Short-changing your sleep by even 90 minutes reduces testosterone by up to 15% — the equivalent of aging 10 years in one night.

This is not negotiable. This is physiology.

The Midlife Sleep Fix is a step-by-step protocol to restore deep, restorative sleep — without pills, without supplements, without sacrificing your morning.

💤 The real performance edge → $37
rivitalize.gumroad.com/l/midlife-sleep-fix

Link in bio.

#MensSleep #SleepPerformance #MenOver45 #SleepAndTestosterone #BetterSleep #SleepFix #ReclaimAndRise #MidlifeMen #MensHealth #MenWhoThrive #SleepScience #RestoredSleep #MensWellness #MidlifeRecalibration #SleepLikeAChampion","","https://images.pexels.com/photos/3786536/pexels-photo-3786536.jpeg?auto=compress&cs=tinysrgb&w=1080&h=1080&dpr=1"
"2026-06-13 09:00","Men aren't designed to struggle alone.

But somewhere along the way, we stopped talking to each other about the things that actually matter.

Health. Vulnerability. Real fear. Real struggle.

The Reclaim community is thousands of men 45-65 who are on this same path — trading what's actually working, holding each other accountable, and refusing to accept that midlife means decline.

These are men who get it. Who know the fog, the frustration, the quiet feeling that the best years are behind you.

And who are proving every day that they're not.

Join us.

🤝 Join the Reclaim community → rivitalize.gumroad.com/l/nlkuz ($79)

Link in bio.

#MensCommunity #ReclaimAndRise #MenOver45 #MensBrotherhood #MensEmpowerment #MidlifeMen #MensHealth #MenWhoThrive #NotAlone #MenSupportMen #MensWellness #MidlifeRecalibration #StrongerTogether #MensMindset #CommunityForMen","","https://images.pexels.com/photos/3775547/pexels-photo-3775547.jpeg?auto=compress&cs=tinysrgb&w=1080&h=1080&dpr=1"
"2026-06-14 10:00","You've been saying ""I'll start when things calm down.""

But things don't calm down.

The question isn't whether the time is right. The question is whether YOU are ready.

In 30 days from today, you could be:
→ Waking up with actual energy
→ Performing at your best physically and mentally
→ Sleeping through the night
→ Feeling proud of the man you're becoming

Or 30 days from now could look exactly like today.

The choice is in your hands right now.

This Sunday. This moment.

💥 Choose differently → rivitalize.gumroad.com/l/nlkuz ($79)

Link in bio.

#ChooseDifferently #MenOver45 #StartNow #MensDecision #ReclaimAndRise #MidlifeMen #MensHealth #NowOrNever #MenWhoThrive #ChooseYourself #MensWellness #MidlifeRecalibration #MensTransformation #NoMoreWaiting #ThisIsYourMoment","","https://images.pexels.com/photos/2248422/pexels-photo-2248422.jpeg?auto=compress&cs=tinysrgb&w=1080&h=1080&dpr=1"
"2026-06-15 07:00","Two days left in the month.

And if you haven't made the move yet — this is it.

The man who shows up to next month is the product of the choices you make RIGHT NOW.

Will he be the same man who was dragging through his days, accepting less, running on empty?

Or will he be the man who finally said ENOUGH — and started doing something about it?

The 30-Day Reclaim Workbook. The Complete Bundle. The Sleep Fix. The Strength Guide.

All of it is here. All of it works. All of it is waiting for one decision.

🔥 Your decision is here → alexanderwellness.github.io/reclaim-and-rise-now/

Link in bio.

#FinalPush #LastChance #MenOver45 #MidlifeDecision #ReclaimAndRise #MidlifeMen #MensHealth #MenWhoThrive #NowOrNever #MensWellness #FinishStrong #MidlifeRecalibration #48Hours #MensTransformation #NoMoreExcuses","","https://images.pexels.com/photos/3316392/pexels-photo-3316392.jpeg?auto=compress&cs=tinysrgb&w=1080&h=1080&dpr=1"
"2026-06-16 08:00","30 days.

If you've been on this journey — look at who you've become.

If you're just arriving — welcome. You're exactly where you need to be.

Reclaim & Rise Now isn't a one-month program.

It's a permanent recalibration of how you live.

The men who go through this work don't go back — because they can't. Once you know what it feels like to be fully operational — sharp, strong, energized, present — there is no going back to acceptable.

Month 2 is even better.

And it starts tomorrow.

🚀 Stay in the game → alexanderwellness.github.io/reclaim-and-rise-now/

All programs: rivitalize.gumroad.com/l/nxqlwr

Link in bio.

#Day30 #ThirtyDays #MenOver45 #ReclaimAndRise #NewBeginning #MidlifeMen #MensHealth #JustTheBeginning #MenWhoThrive #MensWellness #MidlifeRecalibration #KeepGoing #MensTransformation #Momentum #StayInTheGame","","https://images.pexels.com/photos/1103970/pexels-photo-1103970.jpeg?auto=compress&cs=tinysrgb&w=1080&h=1080&dpr=1"
